rule,team,yr,L,R,n_decisions,split_L_pts,split_R_pts,share_b_ne_a,share_c0_ne_a,share_c_ne_c0,share_c0_ne_c0L,runs_b,runs_c0,runs_c,runs_c0L
prespecified,AZ,2025,656976,545341,59,27.3142,11.951,0.457627,0.220339,0.186441,0,-0.199219,0.040726,0.0597836,0.040726
prespecified,AZ,2025,664983,545341,65,25.9229,12.5899,0.446154,0.661538,0.0153846,0.0153846,0.160962,0.761271,0.763444,0.763444
prespecified,AZ,2025,677950,545341,81,28.9674,12.7028,0.654321,0.777778,0,0,0.625141,1.03213,1.03213,1.03213
prespecified,BOS,2025,666152,608701,87,28.1045,16.0108,0.528736,0.517241,0.0114943,0.0114943,0.461173,0.461083,0.461173,0.461173
prespecified,BOS,2025,677800,608701,127,31.5566,15.8137,0.653543,0.15748,0.0393701,0.0314961,-0.735049,0.0373657,0.0435315,0.0353156
prespecified,BOS,2025,807799,608701,81,34.8268,16.4671,0.444444,0.0123457,0.0123457,0.0246914,-0.23999,-0.000547382,0,-0.00407628
prespecified,CHC,2025,683737,457759,149,31.557,10.8771,0.369128,0.0939597,0,0,-0.262644,0.0400037,0.0400037,0.0400037
prespecified,CLE,2025,666134,678877,88,28.2843,10.2877,0.318182,0.318182,0.204545,0.170455,-0.218396,0.0073456,0.0243251,-0.00322964
prespecified,CLE,2025,666310,678877,93,27.8973,10.3855,0.225806,0.795699,0,0,-0.33177,0.6717,0.6717,0.6717
prespecified,CLE,2025,666310,681807,117,27.6176,15.6819,0.401709,0.512821,0.102564,0.264957,-0.136642,0.0913198,0.0961651,0.041119
prespecified,CLE,2025,682177,678877,91,22.6848,10.309,0.186813,0.857143,0,0,-0.182419,0.666932,0.666932,0.666932
prespecified,CLE,2025,682177,681807,114,22.5939,15.1533,0.508772,0.219298,0.0701754,0.149123,-0.149313,0.0101424,0.0105692,-0.0028242
prespecified,CLE,2025,700932,681807,116,24.9287,15.2425,0.336207,0.112069,0.0258621,0.0344828,-0.209934,0.0158465,0.0163154,0.0160929
prespecified,CLE,2026,663993,595978,85,35.6798,13.3514,0.517647,0.564706,0,0,-0.112996,0.787004,0.787004,0.787004
prespecified,CLE,2026,663993,681807,84,35.8749,12.1668,0.5,0.047619,0.107143,0.25,-0.172968,0.0151154,0.0432147,0.0353649
prespecified,CLE,2026,700932,681807,110,28.0693,12.4709,0.436364,0,0,0.0454545,-0.198915,0,0,-0.0107799
prespecified,COL,2026,666397,687597,88,24.6912,13.4312,0.522727,0.215909,0.102273,0.0113636,-0.120905,0.0195322,0.0240563,0.0175191
prespecified,CWS,2026,643217,545341,141,24.5892,16.4891,0.602837,0.673759,0.0141844,0.0496454,0.118927,0.396623,0.398332,0.396966
prespecified,CWS,2026,671976,545341,63,31.3535,17.3681,0.492063,0.714286,0,0,0.0636686,0.93747,0.93747,0.93747
prespecified,DET,2025,656716,628451,106,19.4488,17.4771,0.396226,0.00943396,0,0.00943396,-0.197075,0.000209428,0.000209428,0
prespecified,DET,2025,678009,628451,45,25.3286,17.7737,0.377778,0.0222222,0,0,-0.266532,0.00153997,0.00153997,0.00153997
prespecified,DET,2025,681481,628451,97,36.0497,17.5328,0.350515,0.195876,0,0,-0.306087,0.193647,0.193647,0.193647
prespecified,DET,2025,690993,628451,100,26.0107,17.4783,0.3,0.16,0,0.01,-0.351137,0.074649,0.074649,0.0743467
prespecified,DET,2025,700242,628451,63,23.814,17.4205,0.603175,0.0634921,0,0,-0.489412,0.00687323,0.00687323,0.00687323
prespecified,KC,2026,664728,516782,117,35.946,12.7127,0.512821,0.683761,0,0,0.0657817,0.458946,0.458946,0.458946
prespecified,KC,2026,670231,516782,18,23.0374,12.5269,0.222222,0,0,0,-0.119695,0,0,0
prespecified,KC,2026,686469,516782,114,41.0074,12.6557,0.482456,0.00877193,0.00877193,0.0175439,-0.366884,-0.00382831,0,-0.0167883
prespecified,KC,2026,686681,516782,120,24.4487,12.4874,0.441667,0.00833333,0.116667,0.233333,-0.193588,-0.00161726,0.00218764,-0.039579
prespecified,LAA,2026,666139,642350,114,38.1049,12.8593,0.368421,0,0,0.105263,-0.284132,0,0,-0.0488134
prespecified,MIN,2024,663616,622534,40,27.9967,14.2242,0.3,0,0,0,-0.113358,0,0,0
prespecified,MIN,2024,666397,622534,18,26.8612,14.6177,0.277778,0.611111,0.611111,0.111111,-0.26639,-0.0191301,0,-0.0245758
prespecified,NYY,2026,641857,642708,133,25.642,10.2627,0.451128,0.037594,0.0526316,0.037594,-0.160734,0.00674103,0.0139516,-0.00226354
prespecified,NYY,2026,671277,502671,118,41.3943,42.1142,0.483051,0.338983,0.0508475,0.0169492,-0.203786,0.408769,0.427914,0.413917
prespecified,NYY,2026,671277,642708,94,41.8683,9.45483,0.468085,0.0106383,0.117021,0.393617,-0.12995,-0.00355281,0.0190859,-0.0829336
prespecified,PHI,2024,669016,593160,28,31.4492,8.87018,0.285714,0.0714286,0,0,-0.293064,0.00999878,0.00999878,0.00999878
prespecified,PHI,2026,650333,624641,88,31.2914,21.8079,0.522727,0.0909091,0,0,-0.118645,0.0496029,0.0496029,0.0496029
prespecified,SEA,2025,642133,456781,89,26.9532,7.70299,0.337079,0.280899,0.011236,0.011236,-0.295504,0.205669,0.208027,0.208027
prespecified,SEA,2025,642133,641598,107,27.1978,17.5481,0.46729,0.233645,0.0841121,0.0186916,-0.148486,0.0873979,0.103621,0.0806942
prespecified,SEA,2025,647304,456781,90,29.5558,4.70172,0.7,0.477778,0,0.0111111,-0.459529,0.377079,0.377079,0.373734
prespecified,SEA,2025,647304,664238,93,29.5416,14.6734,0.451613,0.311828,0.139785,0.0537634,-0.0892063,0.0349626,0.0516782,0.0428699
prespecified,SEA,2025,670042,456781,75,35.54,6.62433,0.626667,0.226667,0.08,0.04,-0.476476,0.10371,0.108134,0.105053
prespecified,SEA,2025,670042,641598,95,35.7614,17.7933,0.4,0.210526,0.2,0.0526316,-0.168274,-0.0233382,0.00142087,-0.0368813
prespecified,SEA,2025,670042,664238,76,35.7392,15.7511,0.434211,0.105263,0.105263,0.118421,-0.247813,-0.0225252,0,-0.0504957
prespecified,SEA,2025,686527,456781,57,30.5939,3.3291,0.77193,0.210526,0,0,-1.62219,0.267968,0.267968,0.267968
prespecified,SEA,2025,686527,664238,60,30.6414,12.3579,0.233333,0.183333,0.05,0,0.143352,0.12851,0.143352,0.12851
prespecified,SF,2025,573262,682641,28,33.3759,8.16139,0.392857,0.392857,0.285714,0.178571,-0.215318,0.00279206,0.0124059,-9.93316e-05
prespecified,SF,2025,642086,682641,34,27.5415,8.31042,0.411765,0.705882,0,0,-0.0133147,0.315835,0.315835,0.315835
prespecified,SF,2025,664774,682641,21,26.1758,7.92708,0.52381,0,0.380952,0,-0.133254,0,0.0294984,0
prespecified,TB,2026,676439,668723,18,35.5621,12.5886,0.333333,0.222222,0,0,-0.0800782,0.10866,0.10866,0.10866
prespecified,TB,2026,680700,668723,41,29.182,12.4283,0.560976,0.658537,0,0,0.393998,0.793492,0.793492,0.793492
prespecified,TEX,2026,592626,679822,17,25.2511,17.697,0.352941,0.647059,0,0,-0.67385,0.564834,0.564834,0.564834
prespecified,TEX,2026,669701,679822,11,32.7311,17.7351,0,0,0,0,0,0,0,0
prespecified,TEX,2026,670032,679822,23,31.2051,18.0603,0.521739,0.521739,0,0,0.145821,0.145821,0.145821,0.145821
prespecified,TOR,2026,660821,664702,90,44.0753,8.51123,0.477778,0,0,0.144444,-0.339301,0,0,-0.086071
prespecified,TOR,2026,660821,676914,92,43.3367,3.30223,0.478261,0.076087,0.206522,0.0543478,-0.21739,0.0212258,0.0454938,0.00452486
prespecified,TOR,2026,664770,676914,116,29.7993,2.97926,0.568966,0.586207,0.0172414,0.0948276,-0.0213121,0.30332,0.305896,0.285898
prespecified,WSH,2025,671277,642708,128,33.5889,11.8289,0.476562,0.0625,0.0234375,0.0703125,-0.402959,0.00470348,0.00826965,-0.028307
prespecified,WSH,2025,677588,642708,37,26.5227,12.3186,0.648649,0.567568,0,0,-0.193111,0.286803,0.286803,0.286803
prespecified,WSH,2025,695734,642708,24,29.14,12.7898,0.291667,0.166667,0.541667,0.541667,-0.390822,0.0606174,0.230443,0.230443
prespecified,WSH,2026,671277,665953,51,43.3229,14.0168,0.431373,0.0392157,0.137255,0.27451,-0.464777,-0.010068,0.0267862,-0.0475818
prespecified,WSH,2026,677588,665953,56,24.1209,13.9912,0.535714,0.0178571,0.0357143,0.0535714,-0.144364,0.00331876,0.00336377,0.002672
refined_exploratory,AZ,2025,656976,545341,52,27.355,11.7468,0.5,0.134615,0.211538,0,-0.202701,0.0147948,0.0364179,0.0147948
refined_exploratory,BOS,2025,677800,608701,122,31.5788,15.8236,0.639344,0.163934,0.0409836,0.0327869,-0.711276,0.0388971,0.0453156,0.0367629
refined_exploratory,CHC,2025,683737,457759,139,31.727,10.8678,0.359712,0.100719,0,0,-0.259158,0.0428816,0.0428816,0.0428816
refined_exploratory,CLE,2025,682177,681807,86,22.8482,14.123,0.569767,0.27907,0.0813953,0.0581395,-0.146692,0.0127399,0.0132592,0.0126796
refined_exploratory,CLE,2026,663993,681807,43,37.3413,11.8427,0.395349,0,0.0465116,0.325581,-0.299535,0,0.017777,0.00244251
refined_exploratory,CWS,2026,643217,545341,115,24.683,16.9789,0.634783,0.634783,0.0173913,0.0608696,0.116562,0.312817,0.314912,0.313238
refined_exploratory,DET,2025,656716,628451,106,19.4488,17.4771,0.396226,0.00943396,0,0.00943396,-0.197075,0.000209428,0.000209428,0
refined_exploratory,KC,2026,664728,516782,86,35.2608,12.7578,0.534884,0.651163,0,0,0.129609,0.391692,0.391692,0.391692
refined_exploratory,NYY,2026,671277,502671,48,44.167,43.4253,0.25,0.229167,0,0,0.273017,0.351046,0.351046,0.351046
refined_exploratory,SEA,2025,642133,456781,71,26.7864,8.34222,0.309859,0.225352,0.0140845,0.0140845,-0.130649,0.109124,0.11208,0.11208
refined_exploratory,SEA,2025,686527,664238,42,30.8261,12.9215,0.285714,0.214286,0.0714286,0,0.169086,0.147883,0.169086,0.147883
refined_exploratory,SF,2025,573262,682641,12,32.1574,8.95708,0.333333,0.5,0.5,0,-0.0776943,-0.000231774,0.0185901,-0.000231774
refined_exploratory,STL,2026,663457,686780,43,26.4354,4.99279,0.27907,0.27907,0,0,0.441966,0.441966,0.441966,0.441966
refined_exploratory,TB,2026,680700,668723,39,29.1132,12.388,0.538462,0.641026,0,0,0.358101,0.778082,0.778082,0.778082
refined_exploratory,TEX,2025,694497,677649,38,31.4275,-0.105798,0.315789,0.710526,0.0263158,0.473684,-0.15903,0.26371,0.266442,0.114347
refined_exploratory,TEX,2026,592626,679822,12,25.2253,17.3767,0.5,0.5,0,0,-0.954621,0.43374,0.43374,0.43374
refined_exploratory,TOR,2026,660821,664702,81,44.072,8.50171,0.469136,0,0,0.111111,-0.330877,0,0,-0.0699083
refined_exploratory,TOR,2026,664770,676914,114,29.8274,2.98503,0.561404,0.596491,0.0175439,0.0964912,-0.00627609,0.308641,0.311262,0.290914
refined_exploratory,WSH,2026,671277,665953,21,42.1914,14.5888,0.47619,0.0952381,0.142857,0.142857,-0.531684,-0.0244507,0.0105575,-0.0500435
