metric,label,persistence,se,slope_actual,slope_null,corr_actual,corr_null,sd_recent_dev,n
bat_speed,Bat speed,0.28488226121795,0.015533159036836098,0.4002309047565902,0.11534864353864016,0.3285740531364697,0.08497040852290419,0.7424093751859937,87775
swing_len,Swing length,0.27299086359200847,0.017138622369754417,0.388295010530222,0.11530414693821352,0.3146187193867611,0.08550611617820576,0.12490702816713078,87775
fast_swing,Fast-swing rate (75+ mph),0.2638450667785358,0.01740628038918453,0.3720589127389825,0.10821384596044667,0.3025130939070443,0.07972311655314354,0.06732051909231646,87775
z_swing,In-zone swing rate,0.12708321978363565,0.01498856737348561,0.25643856258772846,0.1293553428040928,0.20138599992681325,0.09596362153913994,0.05362839062226292,84758
chase,Chase rate,0.09510066034343913,0.015194483233837555,0.19647148856927113,0.101370828225832,0.1510670394631588,0.07526743053316266,0.05320492604039538,83261
bb_rate,Walk rate,0.0703799237058676,0.015645792798599286,0.1602239009469064,0.08984397724103879,0.12145055098277424,0.06572292881438226,0.043652845172995246,89325
k_rate,Strikeout rate,0.06667671314428994,0.01459818538289729,0.15705381967773896,0.09037710653344902,0.11696490508528519,0.06608523394039965,0.062539782075362,89325
barrel,Barrel rate,0.061758961618736646,0.014987548657713264,0.13956540200155743,0.07780644038282078,0.10576296612396835,0.05834494458688856,0.050903569369820253,79118
squared_up,Squared-up rate,0.05418066974366462,0.014975965778465706,0.14768708805922684,0.09350641831556222,0.11076858806630621,0.06935610213766794,0.05280139348675543,87775
blast,Blast rate,0.05178978144081779,0.01485334075696664,0.13804951971026513,0.08625973826944734,0.10352304561055636,0.0633284628518198,0.03845104781863462,87775
ev,Avg exit velocity,0.04507601087887678,0.015244604663028119,0.14275652125631363,0.09768051037743686,0.10859827048885515,0.0725627629242003,2.6691483589210314,79118
xwoba,xwOBA,0.03858296521322041,0.015612824863295528,0.12931868283445938,0.09073571762123897,0.09672551268145829,0.06687634213360501,0.0572962367725186,89325
xwobacon,xwOBA on contact,0.033207511193950975,0.015385355516447314,0.13039452808817914,0.09718701689422816,0.09893375189684406,0.07327065877355259,0.06986651827970299,79118
whiff,Whiff rate,0.03173537250750978,0.014902471755625033,0.14541478217033368,0.1136794096628239,0.10747419082894874,0.08362862112550934,0.048621841367484445,89236
woba,wOBA (results),0.01899207838090844,0.01497603218288902,0.12262070050014162,0.10362862211923318,0.09116884242203102,0.07633796234981516,0.07935115015724381,89325
hard_hit,Hard-hit rate,0.016314704988733636,0.01493861069683506,0.11962561152626701,0.10331090653753337,0.09042251793672569,0.07718229395175662,0.08957924093620773,79118
